{
  "name":"detector de noticias falsas sobre salud",
  "type_app_text":"health",
  "initial_text":"¿sabrías decir si las siguientes noticias son verdaderas o falsas? aprende a distinguirlas, no juegues con tu salud",
  "instructions":"marca verdadero o falso para cada una de las noticias propuestas. irás obteniendo una puntuación según cuantas aciertes.",
  "with_reset_button": false,
  "with_fullscreen": true,
  "feedback2_right": "la noticia es real",
  "feedback2_wrong": "la noticia es falsa",
  "message_pro": "eres un crack, ¡a ti no hay quien te engañe! sabemos que no necesitas que te enseñemos cómo reconocer fuentes fiables, pero aquí te dejamos un pequeño vídeo por si quieres saber más:",
  "message_good": "lo has hecho bastante bien, pero has fallado algunas. revisa el siguiente video para aprender a detectar fuentes fiables:",
  "message_ok": "no has acertado muchas. es muy importante detectar bien las fuentes fiables para una navegación segura. Te dejamos un video para que aprendas a detectarlas:",
  "modal_inst": "¿sabes qué noticias son verdaderas y falsas? contesta lo más rápido que puedas, para sumar puntos y conviértete en experto detector de fake news. los controles son muy sencillos, solo tienes que pulsar verdadero o falso en los botones centrales.",
  "progress_text": "noticias contestadas",
  "task_list": "lista de noticias a contestar",
  "final_video": "https://www.youtube.com/embed/Hq813P5FXwE?rel=0",
  "survey": "https://docs.google.com/forms/d/e/1FAIpQLSdiEVIf3g2VpDrcatqda-k-kbJ8yrccxGxxU_ZLYwPKrFYPWA/viewform",
  "questions": [    
    { "path": "https://curacancernatural.org/tomate/",
      "type": "iframe",
      "source_name": "el tomate cura el cáncer",
      "source_url": "https://curacancernatural.org/tomate/",
      "secure": true,
      "true_or_false": false,
      "score": 10,
      "feedback_path": "https://maldita.es/malditaciencia/la-eterna-conspiracion-de-la-cura-secreta-del-cancer/",
      "feedback_search": "https://www.google.es/search?q=cura+contra+el+cancer+bulo",
      "feedback_sitename": "malditaciencia"
    },
    { "path": "http://www.dietox.es/info/el-metodo-dietox",
      "type": "iframe",
      "source_name": "el método dietox",
      "source_url": "http://www.dietox.es/info/el-metodo-dietox",
      "secure": false,
      "true_or_false": false,
      "score": 10,
      "feedback_path": "https://maldita.es/malditaciencia/todo-absolutamente-todo-lo-detox-es-un-timo/",
      "feedback_search": "https://www.google.es/search?q=dieta+detox+bulo",
      "feedback_sitename": "malditaciencia"
    },
        { "path": "https://www.abc.es/ciencia/abci-primera-imagen-confirmada-planeta-recien-nacido-201807021200_noticia.html",
      "type": "iframe",
      "source_name": "primera imagen de un planeta recién nacido",
      "source_url": "https://www.abc.es/ciencia/abci-primera-imagen-confirmada-planeta-recien-nacido-201807021200_noticia.html",
      "secure": true,
      "true_or_false": true,
      "score": 10,
      "feedback_path": "",
      "feedback_search": "",
      "feedback_sitename": ""
    },
    { "path": "http://blogs.publico.es/vicenc-navarro/2018/05/17/lo-que-se-esta-ocultando-a-los-usuarios-de-los-moviles-su-salud-puede-peligrar/",
      "type": "iframe",
      "source_name": "los móviles producen cáncer en el cerebro",
      "source_url": "http://blogs.publico.es/vicenc-navarro/2018/05/17/lo-que-se-esta-ocultando-a-los-usuarios-de-los-moviles-su-salud-puede-peligrar/",
      "secure": false,
      "true_or_false": false,
      "score": 10,
      "feedback_path": "https://maldita.es/malditaciencia/no-ni-los-moviles-ni-el-wifi-producen-cancer/",
      "feedback_search": "https://www.google.es/search?q=moviles+cancer+bulo",
      "feedback_sitename": "malditaciencia"
    },
    { "path": "http://www.elmundo.es/f5/descubre/2018/06/28/5b3486ed22601d77068b4615.html",
      "type": "iframe",
      "source_name": "nadie menciona la muerte de una famosa química",
      "source_url": "http://www.elmundo.es/f5/descubre/2018/06/28/5b3486ed22601d77068b4615.html",
      "secure": false,
      "true_or_false": false,
      "score": 10,
      "feedback_path": "https://maldita.es/bulo/no-no-es-verdad-que-la-prensa-no-mencionase-la-muerte-de-la-bioquimica-gabriela-morreale/",
      "feedback_search": "https://www.google.es/search?q=gabriela+morreale+bulo",
      "feedback_sitename": "malditaciencia"
    },
    { "path": "https://www.dsalud.com/reportaje/confirman-la-relacion-vacunas-autismo/",
      "type": "iframe",
      "source_name": "las vacunas causan autismo",
      "source_url": "https://www.dsalud.com/reportaje/confirman-la-relacion-vacunas-autismo/",
      "secure": true,
      "true_or_false": false,
      "score": 10,
      "feedback_path": "https://maldita.es/malditaciencia/no-las-vacunas-no-causan-autismo/",
      "feedback_search": "https://www.google.es/search?q=vacunas+autismo+bulo",
      "feedback_sitename": "malditaciencia"
    },
    { "path": "http://www.lasexta.com/noticias/ciencia-tecnologia/china-crea-rifle-laser-que-puede-abrasar-personas-casi-kilometro-distancia_201807025b39b8540cf29c268544cdde.html",
      "type": "iframe",
      "source_name": "china crea un rifle que abrasa a un kilómetro de distancia",
      "source_url": "http://www.lasexta.com/noticias/ciencia-tecnologia/china-crea-rifle-laser-que-puede-abrasar-personas-casi-kilometro-distancia_201807025b39b8540cf29c268544cdde.html",
      "secure": true,
      "true_or_false": true,
      "score": 10,
      "feedback_path": "",
      "feedback_search": "",
      "feedback_sitename": ""
    },
    { "path": "https://www.paraloscuriosos.com/a18841/5-razones-por-las-que-no-se-deberia-beber-agua-fria",
      "type": "iframe",
      "source_name": "el agua fría engorda",
      "source_url": "https://www.paraloscuriosos.com/a18841/5-razones-por-las-que-no-se-deberia-beber-agua-fria",
      "secure": true,
      "true_or_false": false,
      "score": 10,
      "feedback_path": "https://maldita.es/bulo/no-un-estudio-no-ha-demostrado-que-el-agua-fria-engorde/",
      "feedback_search": "https://www.google.es/search?q=agua+fria+engorda+bulo",
      "feedback_sitename": "malditaciencia"
    },
    { "path": "http://blog.nuestroclima.com/alineacion-planetaria-y-las-piramides-de-giza/",
      "type": "iframe",
      "source_name": "alineación planetaria con las pirámides de giza",
      "source_url": "http://blog.nuestroclima.com/alineacion-planetaria-y-las-piramides-de-giza/",
      "secure": false,
      "true_or_false": false,
      "score": 10,
      "feedback_path": "https://maldita.es/bulo/no-venus-saturno-y-mercurio-nunca-se-han-alineado-con-las-piramides-de-egipto/",
      "feedback_search": "https://www.google.es/search?q=alineacion+planetaria+con+piramides+bulo",
      "feedback_sitename": "malditaciencia"
    },
    { "path": "https://hipertextual.com/2018/06/ettore-majorana",
      "type": "iframe",
      "source_name": "físico italiano desaparece sin dejar rastro",
      "source_url": "https://hipertextual.com/2018/06/ettore-majorana",
      "secure": true,
      "true_or_false": true,
      "score": 10,
      "feedback_path": "",
      "feedback_search": "",
      "feedback_sitename": ""
    }
  ]
}
