{
  "name":"detector de noticias falsas",
  "type_app_text":"news",
  "initial_text":"¿sabrías decir si las siguientes noticias son verdaderas o falsas? aprende a distinguirlas, que no te tomen por tonto",
  "instructions":"marca verdadero o falso para cada una de las noticias propuestas. irás obteniendo una puntuación según cuantas aciertes.",
  "with_reset_button": true,
  "with_fullscreen": true,
  "feedback2_right": "la noticia es real",
  "feedback2_wrong": "la noticia es falsa",
  "message_pro": "eres un crack, ¡a ti no hay quien te engañe! sabemos que no necesitas que te enseñemos cómo reconocer fuentes fiables, pero aquí te dejamos un pequeño vídeo por si quieres saber más:",
  "message_good": "lo has hecho bastante bien, pero has fallado algunas. revisa el siguiente video para aprender a detectar fuentes fiables:",
  "message_ok": "no has acertado muchas. es muy importante detectar bien las fuentes fiables para una navegación segura. Te dejamos un video para que aprendas a detectarlas:",
  "modal_inst": "¿sabes qué noticias son verdaderas y falsas? contesta lo más rápido que puedas, para sumar puntos y conviértete en experto detector de fake news. los controles son muy sencillos, solo tienes que pulsar verdadero o falso en los botones centrales.",
  "progress_text": "noticias contestadas",
  "task_list": "lista de noticias a contestar",
  "final_video": "https://www.youtube.com/embed/-2PLx_udcK8?rel=0",
  "questions": [
    { "path": "https://www.elperiodico.com/es/internacional/20180703/adolescentes-cueva-tailandia-podrian-permanecer-meses-gruta-6921738",
      "type": "iframe",
      "source_name": "niños atrapados en Tailandia podrían permanecer meses en la cueva",
      "source_url": "https://www.elperiodico.com/es/internacional/20180703/adolescentes-cueva-tailandia-podrian-permanecer-meses-gruta-6921738",
      "secure": true,
      "true_or_false": true,
      "score": 20,
      "feedback_path": "",
      "feedback_search": "",
      "feedback_sitename": ""
    },
    { "path": "https://www.losreplicantes.com/articulos/parlamento-europeo-plantea-prohibir-tauromaquia-espana/",
      "type": "iframe",
      "source_name": "el parlamento europeo se plantea prohibir la tauromaquia",
      "source_url": "https://www.losreplicantes.com/articulos/parlamento-europeo-plantea-prohibir-tauromaquia-espana/",
      "secure": true,
      "true_or_false": false,
      "score": 20,
      "feedback_path": "https://maldita.es/bulo/no-el-parlamento-europeo-no-esta-planteandose-prohibir-la-tauromaquia-en-espana/",
      "feedback_search": "https://www.google.es/search?q=parlamento+europeo+prohibir+tauromaquia+bulo",
      "feedback_sitename": "malditobulo"
    },
    { "path": "https://www.elnacional.cat/es/politica/presidente-armenia-morenes-torra_282786_102.html",
      "type": "iframe",
      "source_name": "el presidente de armenia se niega a saludar a morenés",
      "source_url": "https://www.elnacional.cat/es/politica/presidente-armenia-morenes-torra_282786_102.html",
      "secure": true,
      "true_or_false": false,
      "score": 20,
      "feedback_path": "https://maldita.es/bulo/no-no-hay-ninguna-prueba-que-demuestre-que-el-presidente-de-armenia-haya-negado-el-saludo-al-embajador-de-espana-en-eeuu-pedro-morenes/",
      "feedback_search": "https://www.google.es/search?q=presidente+armenia+niega+saludo+morenes+bulo",
      "feedback_sitename": "malditobulo"
    },
    { "path": "https://gaceta.es/espana/oltra-reconoce-la-existencia-de-violaciones-a-bordo-del-aquarius-20180614-1345/",
      "type": "iframe",
      "source_name": "violaciones a bordo del aquarius",
      "source_url": "https://gaceta.es/espana/oltra-reconoce-la-existencia-de-violaciones-a-bordo-del-aquarius-20180614-1345/",
      "secure": true,
      "true_or_false": false,
      "score": 20,
      "feedback_path": "https://maldita.es/maldito-bulo/los-bulos-sobre-los-refugiados-y-migrantes-del-aquarius/",
      "feedback_search": "https://www.google.es/search?q=violaciones+a+bordo+aquarius+bulo",
      "feedback_sitename": "malditobulo"
    },
        { "path": "https://www.abc.es/sociedad/abci-prenda-pone-chulo-ante-prensa-y-guardia-civil-juega-reingreso-prision-201807041949_noticia.html",
      "type": "iframe",
      "source_name": "el guardia civil de la manada se juega reingresar en prisión",
      "source_url": "https://www.abc.es/sociedad/abci-prenda-pone-chulo-ante-prensa-y-guardia-civil-juega-reingreso-prision-201807041949_noticia.html",
      "secure": true,
      "true_or_false": true,
      "score": 20,
      "feedback_path": "",
      "feedback_search": "",
      "feedback_sitename": ""
    },
    { "path": "https://ultimahora.es/noticias/nacional/2018/06/25/1009209/celia-villalobos-sobre-victima-manada-estaban-ejercicio-espiritual-estaban-sanfermines.html",
      "type": "iframe",
      "source_name": "celia villalobos declaraciones sobre la manada",
      "source_url": "https://ultimahora.es/noticias/nacional/2018/06/25/1009209/celia-villalobos-sobre-victima-manada-estaban-ejercicio-espiritual-estaban-sanfermines.html",
      "secure": true,
      "true_or_false": false,
      "score": 20,
      "feedback_path": "https://maldita.es/bulo/no-celia-villalobos-no-ha-defendido-en-espejo-publico-a-la-manada-ni-ha-culpabilizado-a-la-victima/",
      "feedback_search": "https://www.google.es/search?q=celia+villalobos+manada+bulo",
      "feedback_sitename": "malditobulo"
    },
    { "path": "https://www.abc.es/play/television/noticias/abci-bertin-osborne-sobre-inmigrantes-no-todos-mansion-pablo-iglesias-201806211126_noticia.html",
      "type": "iframe",
      "source_name": "bertin osborne manda a los inmigrantes a la mansión de pablo iglesias",
      "source_url": "https://www.abc.es/play/television/noticias/abci-bertin-osborne-sobre-inmigrantes-no-todos-mansion-pablo-iglesias-201806211126_noticia.html",
      "secure": true,
      "true_or_false": false,
      "score": 20,
      "feedback_path": "https://maldita.es/bulo/no-bertin-osborne-no-ha-dicho-por-que-no-van-todos-los-inmigrantes-a-la-mansion-de-pablo-iglesias/",
      "feedback_search": "https://www.google.es/search?q=bertin+osborne+inmigrantes+aquarius+bulo",
      "feedback_sitename": "malditobulo"
    },
    { "path": "https://www.eldiario.es/economia/Audiencia-Nacional-Josep-Borrell-Abengoa_0_580592912.html",
      "type": "iframe",
      "source_name": "la audiencia nacional imputa a josep borrell",
      "source_url": "https://www.eldiario.es/economia/Audiencia-Nacional-Josep-Borrell-Abengoa_0_580592912.html",
      "secure": true,
      "true_or_false": false,
      "score": 20,
      "feedback_path": "https://maldita.es/bulo/no-la-audiencia-nacional-no-ha-ordenado-imputar-a-josep-borrell-por-el-caso-abengoa/",
      "feedback_search": "https://www.google.es/search?q=audiencia+nacional+imputa+josep+borrell+bulo",
      "feedback_sitename": "malditobulo"
    },
    { "path": "http://fecomagnetismo.byethost7.com/index2.htm",
      "type": "iframe",
      "source_name": "fecomagnetismo la terapia que cura prácticamente cualquier enfermedad",
      "source_url": "http://fecomagnetismo.byethost7.com/index2.htm",
      "secure": true,
      "true_or_false": false,
      "score": 20,
      "feedback_path": "https://www.yorokobu.es/vendiendo-mierda/",
      "feedback_search": "https://www.google.es/search?q=fecomagnetismo+bulo",
      "feedback_sitename": "yorokobu"
    },
    { "path": "https://www.20minutos.es/gonzoo/noticia/cospedal-lia-twitter-cita-falsa-quijote-primarias-3386822/0/",
      "type": "iframe",
      "source_name": "cospedal la lía en twitter con una cita falsa del quijote",
      "source_url": "https://www.20minutos.es/gonzoo/noticia/cospedal-lia-twitter-cita-falsa-quijote-primarias-3386822/0/",
      "secure": true,
      "true_or_false": true,
      "score": 20,
      "feedback_path": "",
      "feedback_search": "",
      "feedback_sitename": ""
    }
  ]
}
