{
  "name":"detector de phishing",
  "type_app_text":"phishing",
  "initial_text":"¿sabrías decir si las siguientes webs son verdaderas o falsas? aprende a distinguirlas, que no te la cuelen",
  "instructions":"marca verdadero o falso para cada una de las noticias propuestas. irás obteniendo una puntuación según cuantas aciertes.",
  "with_reset_button": false,
  "with_fullscreen": true,
  "feedback2_right": "la web es real",
  "feedback2_wrong": "la web es falsa",
  "message_ok": "¡Acertaste! Es muy importante detectar bien las webs fiables para una navegación segura. Te dejamos un video para que aprendas a detectarlas:",
  "message_bad": "No has acertado. Es muy importante detectar bien las webs fiables para una navegación segura. te dejamos un video para que aprendas a detectarlas:",
  "modal_inst": "¿sabes qué webs son reales y falsas? contesta lo más rápido que puedas, para sumar puntos y conviértete en experto en phishing. los controles son muy sencillos, solo tienes que pulsar verdadero o falso en los botones centrales.",
  "progress_text": "webs contestadas",
  "task_list": "lista de webs a contestar",
  "final_video": "https://www.youtube.com/embed/Hq813P5FXwE?rel=0",
  "survey": "https://docs.google.com/forms/d/e/1FAIpQLSdiEVIf3g2VpDrcatqda-k-kbJ8yrccxGxxU_ZLYwPKrFYPWA/viewform",
  "questions": [
    { "path": "./assets/images/quiz/phishing/phishing01.png",
      "source_name": "Banco Santander",
      "source_url": "http://www.bitidlma.com/s4nbnc/San/Home.php?i=tablet.bancosantander.es/supernetLogin/indexSan.html?tsid=20182140546#!login",
      "secure": false,
      "true_or_false": false,
      "score": 10,
      "feedback_path": "./assets/images/quiz/phishing/phishing01_feedback.png",
      "feedback_text": ""
    },
    { "path": "./assets/images/quiz/phishing/phishing02.png",
      "source_name": "Olivia Pareja, venta zapatos",
      "source_url": "http://www.oliviapareja.es/",
      "secure": false,
      "true_or_false": false,
      "score": 10,
      "feedback_path": "./assets/images/quiz/phishing/phishing02_feedback.png",
      "feedback_text": ""
    },
    { "path": "./assets/images/quiz/phishing/phishing03.png",
      "source_name": "Banco ING Direct",
      "source_url": "ing.ingdirect.es/pfm/#login/credentials",
      "secure": true,
      "true_or_false": true,
      "score": 10,
      "feedback_path": "./assets/images/quiz/phishing/phishing03_feedback.png",
      "feedback_text": ""
    },
    { "path": "./assets/images/quiz/phishing/phishing04.png",
      "source_name": "UGG venta zapatos",
      "source_url": "http://uggvipmall.com/",
      "secure": false,
      "true_or_false": false,
      "score": 10,
      "feedback_path": "./assets/images/quiz/phishing/phishing04_feedback.png",
      "feedback_text": ""
    },
    { "path": "./assets/images/quiz/phishing/phishing05.png",
      "source_name": "Movistar",
      "source_url": "http://www.thescreenroomstore.com/phonemoviees/",
      "secure": false,
      "true_or_false": false,
      "score": 10,
      "feedback_path": "./assets/images/quiz/phishing/phishing05_feedback.png",
      "feedback_text": ""
    },
    { "path": "./assets/images/quiz/phishing/phishing06.png",
      "source_name": "Netflix registro",
      "source_url": "www.netflix.com/signup/regform",
      "feedback_text": "",
      "secure": true,
      "true_or_false": true,
      "score": 10,
      "feedback_path": "./assets/images/quiz/phishing/phishing06_feedback.png"
    },
    { "path": "./assets/images/quiz/phishing/phishing07.png",
      "source_name": "Banco BBVA",
      "source_url": "217.61.97.40/bbva-es/login.php?connexion=581064859121-795980693947419044042968889935&error=false&login=9651423418138&attempt=581064859121-795980693947419044042968889935&error=false&login=9651423418138",
      "secure": false,
      "true_or_false": false,
      "score": 10,
      "feedback_path": "./assets/images/quiz/phishing/phishing07_feedback.png",
      "feedback_text": ""
    },
    { "path": "./assets/images/quiz/phishing08.png",
      "source_name": "Pandora, venta joyería",
      "source_url": "http://www.ptoshmarks.com/index/",
      "secure": false,
      "true_or_false": false,
      "score": 10,
      "feedback_path": "./assets/images/quiz/phishing/phishing08_feedback.png",
      "feedback_text": ""
    },
    { "path": "./assets/images/quiz/phishing/phishing09.png",
      "source_name": "Tuenti movil, contratar",
      "source_url": "www.tuenti.es/checkout/?uuid=Septiembre_2017_D10_1_Postpay",
      "secure": true,
      "true_or_false": true,
      "score": 10,
      "feedback_path": "./assets/images/quiz/phishing/phishing09_feedback.png",
      "feedback_text": ""
    },
    { "path": "./assets/images/quiz/phishing/phishing10.png",
      "source_name": "Recompensas Google",
      "source_url": "http://iw0gdtkm.uqsq.online/?sov=786337448&hid=bpjtptnhbddf&ref=dm&&noalert=1&cntrl=00100&pid=555&redid=491&gsid=68&campaign_id=42&p_id=555&id=XNSX.6225%3A%3A4516%3A%3A%3A%3A%3A%3A92.177.180.46-r491-t68&impid=6e310904-2837-11e8-86a3-4e4e3e1c4387",
      "secure": false,
      "true_or_false": false,
      "score": 10,
      "feedback_path": "./assets/images/phishing/quiz/phishing10_feedback.png",
      "feedback_text": ""
    }
  ]
}
